Signal ID,Title,Industry ID,Signal Type,Description,Source Event,Detected At,Implication,Data Sources,Notes,Confidence,Retrieved At,Source URL,Version
SIG-000001,,,document_derived,"Figure 1.18. Indonesia needs to expand its protected areas to reach the Aichi target Figure 1.18. Indonesia needs to expand its protected areas to reach the Aichi target {""status"":""ok"",""message-type"":""work"",""message-version"":""1.0.0"",""message"":{""indexed"":{""date-parts"":[[2022,4,3]],""date-time"":""2022-04-03T00:30:11Z"",""timestamp"":1648945811770},""reference-count"":0,""publisher"":""Organisation for Economic Co-Operation and Development (OECD)"",""content-domain"":{""domain"":[],""crossmark-restriction"":false},",,,,source_ids=SRC-CROSSREF; urls=https://api.crossref.org/works/10.1787/888933931335; published=; retrieved=2026-08-13T05:05:00+00:00; confidence=0.90; version=acquisition-grounded-2.0.0; discovery_provider=connector,provenance: source=SRC-CROSSREF; document=DOC-9CF2639B264C; mission=MIS-20260813-636CA5; discovery_provider=connector; append_only=true; extraction=grounded_text,0.90,,https://api.crossref.org/works/10.1787/888933931335,acquisition-grounded-2.0.0
SIG-000002,,,document_derived,World Bank document World Bank document World Bank document related to: Produce Industry Dataset — expand industry_library toward product target Indonesia World Bank document related to: Produce Industry Dataset — expand industry_library toward product target Indonesia,,,,source_ids=SRC-000004; urls=https://documents.worldbank.org/search?q=Produce+Industry+Dataset+—+expand+industry_library+toward+product+target+Indonesia; published=; retrieved=2026-08-13T05:05:34+00:00; confidence=0.92; version=acquisition-grounded-2.0.0; discovery_provider=connector,provenance: source=SRC-000004; document=DOC-9C3FE7A510A0; mission=MIS-20260813-636CA5; discovery_provider=connector; append_only=true; extraction=grounded_text,0.92,,https://documents.worldbank.org/search?q=Produce+Industry+Dataset+—+expand+industry_library+toward+product+target+Indonesia,acquisition-grounded-2.0.0
SIG-000003,,,document_derived,"Expand Target Market in Business Expand Target Market in Business | Proceeding of International Conference on Business, Economics, Social Sciences, and Humanities Skip to main content Skip to main navigation menu Skip to site footer Open Menu Proceeding of International Conference on Business, Economics, Social Sciences, and Humanities Current Archives About About the Journal Submissions Privacy Statement Contact Login Search Home / Archives / Vol. 3 (2020): Proceeding of The 3rd International C",,,,source_ids=SRC-CROSSREF; urls=https://api.crossref.org/works/10.34010/icobest.v1i.49; published=2020; retrieved=2026-08-13T05:05:06+00:00; confidence=0.90; version=acquisition-grounded-2.0.0; discovery_provider=connector,provenance: source=SRC-CROSSREF; document=DOC-AFB055C754E2; mission=MIS-20260813-636CA5; discovery_provider=connector; append_only=true; extraction=grounded_text,0.90,,https://api.crossref.org/works/10.34010/icobest.v1i.49,acquisition-grounded-2.0.0
SIG-000004,,,document_derived,"Product Innovation Toward MSME’s Market Performance On Creative Industry Product Innovation Toward MSME’s Market Performance On Creative Industry - EUDL About | Contact Us | Register | Login Proceedings Series Journals Search EAI Proceedings of the 6th International Conference of Economics, Business, and Entrepreneurship, ICEBE 2023, 13-14 September 2023, Bandar Lampung, Indonesia Research Article Product Innovation Toward MSME’s Market Performance On Creative Industry Download 1054 downloads Ci",,,,source_ids=SRC-CROSSREF; urls=https://api.crossref.org/works/10.4108/eai.13-9-2023.2341395; published=2023; retrieved=2026-08-13T05:05:13+00:00; confidence=0.90; version=acquisition-grounded-2.0.0; discovery_provider=connector,provenance: source=SRC-CROSSREF; document=DOC-8DEAD915EF6F; mission=MIS-20260813-636CA5; discovery_provider=connector; append_only=true; extraction=grounded_text,0.90,,https://api.crossref.org/works/10.4108/eai.13-9-2023.2341395,acquisition-grounded-2.0.0
SIG-000005,,,document_derived,Consumer Attitudes Toward Imported and Local Produce in Indonesia: The Role of Country of Origin and Perception in Shaping Preferences Consumer Attitudes Toward Imported and Local Produce in Indonesia: The Role of Country of Origin and Perception in Shaping Preferences | Benefit: Jurnal Manajemen dan Bisnis Page loaded in 0.676 ms by OJT Blazing Cache Skip to main content Skip to main navigation menu Skip to site footer Open Menu Home Current Archives Announcements About About the Journal Submis,,,,source_ids=SRC-CROSSREF; urls=https://api.crossref.org/works/10.23917/benefit.v10i1.8214; published=2025; retrieved=2026-08-13T05:05:20+00:00; confidence=0.90; version=acquisition-grounded-2.0.0; discovery_provider=connector,provenance: source=SRC-CROSSREF; document=DOC-23B61DA3B184; mission=MIS-20260813-636CA5; discovery_provider=connector; append_only=true; extraction=grounded_text,0.90,,https://api.crossref.org/works/10.23917/benefit.v10i1.8214,acquisition-grounded-2.0.0
SIG-000006,,,document_derived,World Bank document World Bank document World Bank document related to: Produce Industry Dataset — expand industry_library toward product target Indonesia World Bank document related to: Produce Industry Dataset — expand industry_library toward product target Indonesia,,,,source_ids=SRC-000004; urls=https://documents.worldbank.org/search?q=Produce+Industry+Dataset+—+expand+industry_library+toward+product+target+Indonesia; published=; retrieved=2026-08-13T06:31:04+00:00; confidence=0.92; version=acquisition-grounded-2.0.0; discovery_provider=connector,provenance: source=SRC-000004; document=DOC-9C3FE7A510A0; mission=MIS-20260813-ADDA22; discovery_provider=connector; append_only=true; extraction=grounded_text,0.92,,https://documents.worldbank.org/search?q=Produce+Industry+Dataset+—+expand+industry_library+toward+product+target+Indonesia,acquisition-grounded-2.0.0
SIG-000007,,,document_derived,"Figure 1.18. Indonesia needs to expand its protected areas to reach the Aichi target Figure 1.18. Indonesia needs to expand its protected areas to reach the Aichi target {""status"":""ok"",""message-type"":""work"",""message-version"":""1.0.0"",""message"":{""indexed"":{""date-parts"":[[2022,4,3]],""date-time"":""2022-04-03T00:30:11Z"",""timestamp"":1648945811770},""reference-count"":0,""publisher"":""Organisation for Economic Co-Operation and Development (OECD)"",""content-domain"":{""domain"":[],""crossmark-restriction"":false},",,,,source_ids=SRC-CROSSREF; urls=https://api.crossref.org/works/10.1787/888933931335; published=; retrieved=2026-08-13T06:30:30+00:00; confidence=0.90; version=acquisition-grounded-2.0.0; discovery_provider=connector,provenance: source=SRC-CROSSREF; document=DOC-9CF2639B264C; mission=MIS-20260813-ADDA22; discovery_provider=connector; append_only=true; extraction=grounded_text,0.90,,https://api.crossref.org/works/10.1787/888933931335,acquisition-grounded-2.0.0
SIG-000008,,,document_derived,"Expand Target Market in Business Expand Target Market in Business | Proceeding of International Conference on Business, Economics, Social Sciences, and Humanities Skip to main content Skip to main navigation menu Skip to site footer Open Menu Proceeding of International Conference on Business, Economics, Social Sciences, and Humanities Current Archives About About the Journal Submissions Privacy Statement Contact Login Search Home / Archives / Vol. 3 (2020): Proceeding of The 3rd International C",,,,source_ids=SRC-CROSSREF; urls=https://api.crossref.org/works/10.34010/icobest.v1i.49; published=2020; retrieved=2026-08-13T06:30:30+00:00; confidence=0.90; version=acquisition-grounded-2.0.0; discovery_provider=connector,provenance: source=SRC-CROSSREF; document=DOC-AFB055C754E2; mission=MIS-20260813-ADDA22; discovery_provider=connector; append_only=true; extraction=grounded_text,0.90,,https://api.crossref.org/works/10.34010/icobest.v1i.49,acquisition-grounded-2.0.0
SIG-000009,,,document_derived,"Product Innovation Toward MSME’s Market Performance On Creative Industry Product Innovation Toward MSME’s Market Performance On Creative Industry - EUDL About | Contact Us | Register | Login Proceedings Series Journals Search EAI Proceedings of the 6th International Conference of Economics, Business, and Entrepreneurship, ICEBE 2023, 13-14 September 2023, Bandar Lampung, Indonesia Research Article Product Innovation Toward MSME’s Market Performance On Creative Industry Download 1055 downloads Ci",,,,source_ids=SRC-CROSSREF; urls=https://api.crossref.org/works/10.4108/eai.13-9-2023.2341395; published=2023; retrieved=2026-08-13T06:30:30+00:00; confidence=0.90; version=acquisition-grounded-2.0.0; discovery_provider=connector,provenance: source=SRC-CROSSREF; document=DOC-8DEAD915EF6F; mission=MIS-20260813-ADDA22; discovery_provider=connector; append_only=true; extraction=grounded_text,0.90,,https://api.crossref.org/works/10.4108/eai.13-9-2023.2341395,acquisition-grounded-2.0.0
SIG-000010,,,document_derived,Consumer Attitudes Toward Imported and Local Produce in Indonesia: The Role of Country of Origin and Perception in Shaping Preferences Consumer Attitudes Toward Imported and Local Produce in Indonesia: The Role of Country of Origin and Perception in Shaping Preferences | Benefit: Jurnal Manajemen dan Bisnis Page loaded in 0.731 ms by OJT Blazing Cache Skip to main content Skip to main navigation menu Skip to site footer Open Menu Home Current Archives Announcements About About the Journal Submis,,,,source_ids=SRC-CROSSREF; urls=https://api.crossref.org/works/10.23917/benefit.v10i1.8214; published=2025; retrieved=2026-08-13T06:30:34+00:00; confidence=0.90; version=acquisition-grounded-2.0.0; discovery_provider=connector,provenance: source=SRC-CROSSREF; document=DOC-23B61DA3B184; mission=MIS-20260813-ADDA22; discovery_provider=connector; append_only=true; extraction=grounded_text,0.90,,https://api.crossref.org/works/10.23917/benefit.v10i1.8214,acquisition-grounded-2.0.0
SIG-000011,,,document_derived,World Bank document World Bank document World Bank document related to: Produce Industry Dataset — expand industry_library toward product target Indonesia World Bank document related to: Produce Industry Dataset — expand industry_library toward product target Indonesia,,,,source_ids=SRC-000004; urls=https://documents.worldbank.org/search?q=Produce+Industry+Dataset+—+expand+industry_library+toward+product+target+Indonesia; published=; retrieved=2026-08-13T07:56:02+00:00; confidence=0.92; version=acquisition-grounded-2.0.0; discovery_provider=connector,provenance: source=SRC-000004; document=DOC-9C3FE7A510A0; mission=MIS-20260813-AAEEBB; discovery_provider=connector; append_only=true; extraction=grounded_text,0.92,,https://documents.worldbank.org/search?q=Produce+Industry+Dataset+—+expand+industry_library+toward+product+target+Indonesia,acquisition-grounded-2.0.0
SIG-000012,,,document_derived,"Figure 1.18. Indonesia needs to expand its protected areas to reach the Aichi target Figure 1.18. Indonesia needs to expand its protected areas to reach the Aichi target {""status"":""ok"",""message-type"":""work"",""message-version"":""1.0.0"",""message"":{""indexed"":{""date-parts"":[[2022,4,3]],""date-time"":""2022-04-03T00:30:11Z"",""timestamp"":1648945811770},""reference-count"":0,""publisher"":""Organisation for Economic Co-Operation and Development (OECD)"",""content-domain"":{""domain"":[],""crossmark-restriction"":false},",,,,source_ids=SRC-CROSSREF; urls=https://api.crossref.org/works/10.1787/888933931335; published=; retrieved=2026-08-13T07:55:28+00:00; confidence=0.90; version=acquisition-grounded-2.0.0; discovery_provider=connector,provenance: source=SRC-CROSSREF; document=DOC-9CF2639B264C; mission=MIS-20260813-AAEEBB; discovery_provider=connector; append_only=true; extraction=grounded_text,0.90,,https://api.crossref.org/works/10.1787/888933931335,acquisition-grounded-2.0.0
SIG-000013,,,document_derived,"Expand Target Market in Business Expand Target Market in Business | Proceeding of International Conference on Business, Economics, Social Sciences, and Humanities Skip to main content Skip to main navigation menu Skip to site footer Open Menu Proceeding of International Conference on Business, Economics, Social Sciences, and Humanities Current Archives About About the Journal Submissions Privacy Statement Contact Login Search Home / Archives / Vol. 3 (2020): Proceeding of The 3rd International C",,,,source_ids=SRC-CROSSREF; urls=https://api.crossref.org/works/10.34010/icobest.v1i.49; published=2020; retrieved=2026-08-13T07:55:29+00:00; confidence=0.90; version=acquisition-grounded-2.0.0; discovery_provider=connector,provenance: source=SRC-CROSSREF; document=DOC-AFB055C754E2; mission=MIS-20260813-AAEEBB; discovery_provider=connector; append_only=true; extraction=grounded_text,0.90,,https://api.crossref.org/works/10.34010/icobest.v1i.49,acquisition-grounded-2.0.0
SIG-000014,,,document_derived,"Product Innovation Toward MSME’s Market Performance On Creative Industry Product Innovation Toward MSME’s Market Performance On Creative Industry - EUDL About | Contact Us | Register | Login Proceedings Series Journals Search EAI Proceedings of the 6th International Conference of Economics, Business, and Entrepreneurship, ICEBE 2023, 13-14 September 2023, Bandar Lampung, Indonesia Research Article Product Innovation Toward MSME’s Market Performance On Creative Industry Download 1056 downloads Ci",,,,source_ids=SRC-CROSSREF; urls=https://api.crossref.org/works/10.4108/eai.13-9-2023.2341395; published=2023; retrieved=2026-08-13T07:55:28+00:00; confidence=0.90; version=acquisition-grounded-2.0.0; discovery_provider=connector,provenance: source=SRC-CROSSREF; document=DOC-8DEAD915EF6F; mission=MIS-20260813-AAEEBB; discovery_provider=connector; append_only=true; extraction=grounded_text,0.90,,https://api.crossref.org/works/10.4108/eai.13-9-2023.2341395,acquisition-grounded-2.0.0
SIG-000015,,,document_derived,Consumer Attitudes Toward Imported and Local Produce in Indonesia: The Role of Country of Origin and Perception in Shaping Preferences Consumer Attitudes Toward Imported and Local Produce in Indonesia: The Role of Country of Origin and Perception in Shaping Preferences | Benefit: Jurnal Manajemen dan Bisnis Page loaded in 0.770 ms by OJT Blazing Cache Skip to main content Skip to main navigation menu Skip to site footer Open Menu Home Current Archives Announcements About About the Journal Submis,,,,source_ids=SRC-CROSSREF; urls=https://api.crossref.org/works/10.23917/benefit.v10i1.8214; published=2025; retrieved=2026-08-13T07:55:33+00:00; confidence=0.90; version=acquisition-grounded-2.0.0; discovery_provider=connector,provenance: source=SRC-CROSSREF; document=DOC-23B61DA3B184; mission=MIS-20260813-AAEEBB; discovery_provider=connector; append_only=true; extraction=grounded_text,0.90,,https://api.crossref.org/works/10.23917/benefit.v10i1.8214,acquisition-grounded-2.0.0
SIG-000016,,,document_derived,World Bank document World Bank document World Bank document related to: Produce Industry Dataset — expand industry_library toward product target Indonesia World Bank document related to: Produce Industry Dataset — expand industry_library toward product target Indonesia,,,,source_ids=SRC-000004; urls=https://documents.worldbank.org/search?q=Produce+Industry+Dataset+—+expand+industry_library+toward+product+target+Indonesia; published=; retrieved=2026-08-13T08:36:02+00:00; confidence=0.92; version=acquisition-grounded-2.0.0; discovery_provider=connector,provenance: source=SRC-000004; document=DOC-9C3FE7A510A0; mission=MIS-20260813-656EC6; discovery_provider=connector; append_only=true; extraction=grounded_text,0.92,,https://documents.worldbank.org/search?q=Produce+Industry+Dataset+—+expand+industry_library+toward+product+target+Indonesia,acquisition-grounded-2.0.0
SIG-000017,,,document_derived,"Figure 1.18. Indonesia needs to expand its protected areas to reach the Aichi target Figure 1.18. Indonesia needs to expand its protected areas to reach the Aichi target {""status"":""ok"",""message-type"":""work"",""message-version"":""1.0.0"",""message"":{""indexed"":{""date-parts"":[[2022,4,3]],""date-time"":""2022-04-03T00:30:11Z"",""timestamp"":1648945811770},""reference-count"":0,""publisher"":""Organisation for Economic Co-Operation and Development (OECD)"",""content-domain"":{""domain"":[],""crossmark-restriction"":false},",,,,source_ids=SRC-CROSSREF; urls=https://api.crossref.org/works/10.1787/888933931335; published=; retrieved=2026-08-13T08:35:28+00:00; confidence=0.90; version=acquisition-grounded-2.0.0; discovery_provider=connector,provenance: source=SRC-CROSSREF; document=DOC-9CF2639B264C; mission=MIS-20260813-656EC6; discovery_provider=connector; append_only=true; extraction=grounded_text,0.90,,https://api.crossref.org/works/10.1787/888933931335,acquisition-grounded-2.0.0
SIG-000018,,,document_derived,"Expand Target Market in Business Expand Target Market in Business | Proceeding of International Conference on Business, Economics, Social Sciences, and Humanities Skip to main content Skip to main navigation menu Skip to site footer Open Menu Proceeding of International Conference on Business, Economics, Social Sciences, and Humanities Current Archives About About the Journal Submissions Privacy Statement Contact Login Search Home / Archives / Vol. 3 (2020): Proceeding of The 3rd International C",,,,source_ids=SRC-CROSSREF; urls=https://api.crossref.org/works/10.34010/icobest.v1i.49; published=2020; retrieved=2026-08-13T08:35:28+00:00; confidence=0.90; version=acquisition-grounded-2.0.0; discovery_provider=connector,provenance: source=SRC-CROSSREF; document=DOC-AFB055C754E2; mission=MIS-20260813-656EC6; discovery_provider=connector; append_only=true; extraction=grounded_text,0.90,,https://api.crossref.org/works/10.34010/icobest.v1i.49,acquisition-grounded-2.0.0
SIG-000019,,,document_derived,"Product Innovation Toward MSME’s Market Performance On Creative Industry Product Innovation Toward MSME’s Market Performance On Creative Industry - EUDL About | Contact Us | Register | Login Proceedings Series Journals Search EAI Proceedings of the 6th International Conference of Economics, Business, and Entrepreneurship, ICEBE 2023, 13-14 September 2023, Bandar Lampung, Indonesia Research Article Product Innovation Toward MSME’s Market Performance On Creative Industry Download 1058 downloads Ci",,,,source_ids=SRC-CROSSREF; urls=https://api.crossref.org/works/10.4108/eai.13-9-2023.2341395; published=2023; retrieved=2026-08-13T08:35:29+00:00; confidence=0.90; version=acquisition-grounded-2.0.0; discovery_provider=connector,provenance: source=SRC-CROSSREF; document=DOC-8DEAD915EF6F; mission=MIS-20260813-656EC6; discovery_provider=connector; append_only=true; extraction=grounded_text,0.90,,https://api.crossref.org/works/10.4108/eai.13-9-2023.2341395,acquisition-grounded-2.0.0
SIG-000020,,,document_derived,Consumer Attitudes Toward Imported and Local Produce in Indonesia: The Role of Country of Origin and Perception in Shaping Preferences Consumer Attitudes Toward Imported and Local Produce in Indonesia: The Role of Country of Origin and Perception in Shaping Preferences | Benefit: Jurnal Manajemen dan Bisnis Page loaded in 0.775 ms by OJT Blazing Cache Skip to main content Skip to main navigation menu Skip to site footer Open Menu Home Current Archives Announcements About About the Journal Submis,,,,source_ids=SRC-CROSSREF; urls=https://api.crossref.org/works/10.23917/benefit.v10i1.8214; published=2025; retrieved=2026-08-13T08:35:34+00:00; confidence=0.90; version=acquisition-grounded-2.0.0; discovery_provider=connector,provenance: source=SRC-CROSSREF; document=DOC-23B61DA3B184; mission=MIS-20260813-656EC6; discovery_provider=connector; append_only=true; extraction=grounded_text,0.90,,https://api.crossref.org/works/10.23917/benefit.v10i1.8214,acquisition-grounded-2.0.0
SIG-000021,,,document_derived,World Bank document World Bank document World Bank document related to: Produce Industry Dataset — expand industry_library toward product target Indonesia World Bank document related to: Produce Industry Dataset — expand industry_library toward product target Indonesia,,,,source_ids=SRC-000004; urls=https://documents.worldbank.org/search?q=Produce+Industry+Dataset+—+expand+industry_library+toward+product+target+Indonesia; published=; retrieved=2026-08-13T10:19:54+00:00; confidence=0.92; version=acquisition-grounded-2.0.0; discovery_provider=connector,provenance: source=SRC-000004; document=DOC-9C3FE7A510A0; mission=MIS-20260813-CF5F39; discovery_provider=connector; append_only=true; extraction=grounded_text,0.92,,https://documents.worldbank.org/search?q=Produce+Industry+Dataset+—+expand+industry_library+toward+product+target+Indonesia,acquisition-grounded-2.0.0
SIG-000022,,,document_derived,"Figure 1.18. Indonesia needs to expand its protected areas to reach the Aichi target Figure 1.18. Indonesia needs to expand its protected areas to reach the Aichi target {""status"":""ok"",""message-type"":""work"",""message-version"":""1.0.0"",""message"":{""indexed"":{""date-parts"":[[2022,4,3]],""date-time"":""2022-04-03T00:30:11Z"",""timestamp"":1648945811770},""reference-count"":0,""publisher"":""Organisation for Economic Co-Operation and Development (OECD)"",""content-domain"":{""domain"":[],""crossmark-restriction"":false},",,,,source_ids=SRC-CROSSREF; urls=https://api.crossref.org/works/10.1787/888933931335; published=; retrieved=2026-08-13T10:19:19+00:00; confidence=0.90; version=acquisition-grounded-2.0.0; discovery_provider=connector,provenance: source=SRC-CROSSREF; document=DOC-9CF2639B264C; mission=MIS-20260813-CF5F39; discovery_provider=connector; append_only=true; extraction=grounded_text,0.90,,https://api.crossref.org/works/10.1787/888933931335,acquisition-grounded-2.0.0
SIG-000023,,,document_derived,"Expand Target Market in Business Expand Target Market in Business | Proceeding of International Conference on Business, Economics, Social Sciences, and Humanities Skip to main content Skip to main navigation menu Skip to site footer Open Menu Proceeding of International Conference on Business, Economics, Social Sciences, and Humanities Current Archives About About the Journal Submissions Privacy Statement Contact Login Search Home / Archives / Vol. 3 (2020): Proceeding of The 3rd International C",,,,source_ids=SRC-CROSSREF; urls=https://api.crossref.org/works/10.34010/icobest.v1i.49; published=2020; retrieved=2026-08-13T10:19:20+00:00; confidence=0.90; version=acquisition-grounded-2.0.0; discovery_provider=connector,provenance: source=SRC-CROSSREF; document=DOC-AFB055C754E2; mission=MIS-20260813-CF5F39; discovery_provider=connector; append_only=true; extraction=grounded_text,0.90,,https://api.crossref.org/works/10.34010/icobest.v1i.49,acquisition-grounded-2.0.0
SIG-000024,,,document_derived,"Product Innovation Toward MSME’s Market Performance On Creative Industry Product Innovation Toward MSME’s Market Performance On Creative Industry - EUDL About | Contact Us | Register | Login Proceedings Series Journals Search EAI Proceedings of the 6th International Conference of Economics, Business, and Entrepreneurship, ICEBE 2023, 13-14 September 2023, Bandar Lampung, Indonesia Research Article Product Innovation Toward MSME’s Market Performance On Creative Industry Download 1059 downloads Ci",,,,source_ids=SRC-CROSSREF; urls=https://api.crossref.org/works/10.4108/eai.13-9-2023.2341395; published=2023; retrieved=2026-08-13T10:19:20+00:00; confidence=0.90; version=acquisition-grounded-2.0.0; discovery_provider=connector,provenance: source=SRC-CROSSREF; document=DOC-8DEAD915EF6F; mission=MIS-20260813-CF5F39; discovery_provider=connector; append_only=true; extraction=grounded_text,0.90,,https://api.crossref.org/works/10.4108/eai.13-9-2023.2341395,acquisition-grounded-2.0.0
SIG-000025,,,document_derived,Consumer Attitudes Toward Imported and Local Produce in Indonesia: The Role of Country of Origin and Perception in Shaping Preferences Consumer Attitudes Toward Imported and Local Produce in Indonesia: The Role of Country of Origin and Perception in Shaping Preferences | Benefit: Jurnal Manajemen dan Bisnis Page loaded in 0.655 ms by OJT Blazing Cache Skip to main content Skip to main navigation menu Skip to site footer Open Menu Home Current Archives Announcements About About the Journal Submis,,,,source_ids=SRC-CROSSREF; urls=https://api.crossref.org/works/10.23917/benefit.v10i1.8214; published=2025; retrieved=2026-08-13T10:19:25+00:00; confidence=0.90; version=acquisition-grounded-2.0.0; discovery_provider=connector,provenance: source=SRC-CROSSREF; document=DOC-23B61DA3B184; mission=MIS-20260813-CF5F39; discovery_provider=connector; append_only=true; extraction=grounded_text,0.90,,https://api.crossref.org/works/10.23917/benefit.v10i1.8214,acquisition-grounded-2.0.0
SIG-000026,,,document_derived,World Bank document World Bank document World Bank document related to: Produce Industry Dataset — expand industry_library toward product target Indonesia World Bank document related to: Produce Industry Dataset — expand industry_library toward product target Indonesia,,,,source_ids=SRC-000004; urls=https://documents.worldbank.org/search?q=Produce+Industry+Dataset+—+expand+industry_library+toward+product+target+Indonesia; published=; retrieved=2026-08-13T12:02:09+00:00; confidence=0.92; version=acquisition-grounded-2.0.0; discovery_provider=connector,provenance: source=SRC-000004; document=DOC-9C3FE7A510A0; mission=MIS-20260813-583473; discovery_provider=connector; append_only=true; extraction=grounded_text,0.92,,https://documents.worldbank.org/search?q=Produce+Industry+Dataset+—+expand+industry_library+toward+product+target+Indonesia,acquisition-grounded-2.0.0
SIG-000027,,,document_derived,"Figure 1.18. Indonesia needs to expand its protected areas to reach the Aichi target Figure 1.18. Indonesia needs to expand its protected areas to reach the Aichi target {""status"":""ok"",""message-type"":""work"",""message-version"":""1.0.0"",""message"":{""indexed"":{""date-parts"":[[2022,4,3]],""date-time"":""2022-04-03T00:30:11Z"",""timestamp"":1648945811770},""reference-count"":0,""publisher"":""Organisation for Economic Co-Operation and Development (OECD)"",""content-domain"":{""domain"":[],""crossmark-restriction"":false},",,,,source_ids=SRC-CROSSREF; urls=https://api.crossref.org/works/10.1787/888933931335; published=; retrieved=2026-08-13T12:01:35+00:00; confidence=0.90; version=acquisition-grounded-2.0.0; discovery_provider=connector,provenance: source=SRC-CROSSREF; document=DOC-9CF2639B264C; mission=MIS-20260813-583473; discovery_provider=connector; append_only=true; extraction=grounded_text,0.90,,https://api.crossref.org/works/10.1787/888933931335,acquisition-grounded-2.0.0
SIG-000028,,,document_derived,"Expand Target Market in Business Expand Target Market in Business | Proceeding of International Conference on Business, Economics, Social Sciences, and Humanities Skip to main content Skip to main navigation menu Skip to site footer Open Menu Proceeding of International Conference on Business, Economics, Social Sciences, and Humanities Current Archives About About the Journal Submissions Privacy Statement Contact Login Search Home / Archives / Vol. 3 (2020): Proceeding of The 3rd International C",,,,source_ids=SRC-CROSSREF; urls=https://api.crossref.org/works/10.34010/icobest.v1i.49; published=2020; retrieved=2026-08-13T12:01:35+00:00; confidence=0.90; version=acquisition-grounded-2.0.0; discovery_provider=connector,provenance: source=SRC-CROSSREF; document=DOC-AFB055C754E2; mission=MIS-20260813-583473; discovery_provider=connector; append_only=true; extraction=grounded_text,0.90,,https://api.crossref.org/works/10.34010/icobest.v1i.49,acquisition-grounded-2.0.0
SIG-000029,,,document_derived,"Product Innovation Toward MSME’s Market Performance On Creative Industry Product Innovation Toward MSME’s Market Performance On Creative Industry - EUDL About | Contact Us | Register | Login Proceedings Series Journals Search EAI Proceedings of the 6th International Conference of Economics, Business, and Entrepreneurship, ICEBE 2023, 13-14 September 2023, Bandar Lampung, Indonesia Research Article Product Innovation Toward MSME’s Market Performance On Creative Industry Download 1060 downloads Ci",,,,source_ids=SRC-CROSSREF; urls=https://api.crossref.org/works/10.4108/eai.13-9-2023.2341395; published=2023; retrieved=2026-08-13T12:01:36+00:00; confidence=0.90; version=acquisition-grounded-2.0.0; discovery_provider=connector,provenance: source=SRC-CROSSREF; document=DOC-8DEAD915EF6F; mission=MIS-20260813-583473; discovery_provider=connector; append_only=true; extraction=grounded_text,0.90,,https://api.crossref.org/works/10.4108/eai.13-9-2023.2341395,acquisition-grounded-2.0.0
SIG-000030,,,document_derived,Consumer Attitudes Toward Imported and Local Produce in Indonesia: The Role of Country of Origin and Perception in Shaping Preferences Consumer Attitudes Toward Imported and Local Produce in Indonesia: The Role of Country of Origin and Perception in Shaping Preferences | Benefit: Jurnal Manajemen dan Bisnis Page loaded in 0.893 ms by OJT Blazing Cache Skip to main content Skip to main navigation menu Skip to site footer Open Menu Home Current Archives Announcements About About the Journal Submis,,,,source_ids=SRC-CROSSREF; urls=https://api.crossref.org/works/10.23917/benefit.v10i1.8214; published=2025; retrieved=2026-08-13T12:01:41+00:00; confidence=0.90; version=acquisition-grounded-2.0.0; discovery_provider=connector,provenance: source=SRC-CROSSREF; document=DOC-23B61DA3B184; mission=MIS-20260813-583473; discovery_provider=connector; append_only=true; extraction=grounded_text,0.90,,https://api.crossref.org/works/10.23917/benefit.v10i1.8214,acquisition-grounded-2.0.0
