Industry ID,Industry Name,Industry Category,Industry Description,Business Characteristics,Typical Company Size,Average Employee Range,Typical Annual Revenue,Main Business Processes,Common Departments,Digital Maturity Level,Common Technologies,Common Business Challenges,Common Pain Points,Business Goals,Buying Triggers,Buying Criteria,Typical Decision Makers,Procurement Method,Average Sales Cycle,Budget Characteristics,Data Sources,Notes,Confidence,Retrieved At,Source URL,Version
IND-000001,Tourism & Travel Services,Services,"Industry sector identified in trusted source document. Evidence: Indonesian food culture mapping: a starter contribution to promote Indonesian culinary tourism Indonesian food culture mapping: a starter contribution to promote Indonesian culinary tourism Abstract The food culture of Indonesia is shaped by several factors such as nature, … donesian food culture mapping: a starter contribution to promote Indonesian culinary tourism Indonesian food culture mapping: a starter contribution to promote Indonesian culinary tourism Abstract The food culture of Indonesia is shaped by several factors such as nature, history, and culture. With its enormous geographic and cultural diversity across the archipelag … and cultural diversity across the archipelagos, it is evident that Indonesian cuisine is rich in variety and taste. As such, food can be utilised as a strategic means to boost the tourism industry of the country. In the past 5 years, the Indonesian government has given a great support for the development of culinary tourism as one special interest tourism sector Ab",,,,,,,,,,,,,,,,,,source_ids=SRC-OPENALEX; urls=https://openalex.org/W2973921651; published=2019-09-18; retrieved=2026-08-12T23:58:11+00:00; confidence=0.92; version=acquisition-grounded-2.0.0; country=Indonesia; matched_alias=tourism; discovery_provider=connector,"provenance: source=SRC-OPENALEX; published_date=2019-09-18; retrieved_date=2026-08-12T23:58:11+00:00; confidence=0.92; version=acquisition-grounded-2.0.0; mission=MIS-20260812-BB1FF2; document=DOC-7A53E6CD2239; entity=Tourism & Travel Services; discovery_provider=connector; append_only=true; extraction=grounded_text; evidence=Indonesian food culture mapping: a starter contribution to promote Indonesian culinary tourism Indonesian food culture mapping: a starter contribution to promote Indonesian culinary tourism Abstract The food culture of Indonesia is shaped by several factors such as nature, … donesian food culture mapping: a starter contribution to promote Indonesian culinary tourism Indonesian food culture mapping",,,,
IND-000002,Waste Management & Environmental Services,Services,"Industry sector identified in trusted source document. Evidence: Strengthening waste recycling industry in Malang (Indonesia): Lessons from waste management in the era of Industry 4.0 Strengthening waste recycling industry in Malang (Indonesia): Lessons from waste management in the era of Industry 4.0 Circular economy, Municipal solid … waste recycling industry in Malang (Indonesia): Lessons from waste management in the era of Industry 4.0 Strengthening waste recycling industry in Malang (Indonesia): Lessons from waste management in the era of Industry 4.0 Circular economy, Municipal solid waste, Work (physics), Business, Waste management, Sustainable development, China, Resource (disambiguation) Circular … thening waste recycling industry in Malang (Indonesia): Lessons from waste management in the era of Industry 4.0 Circular economy, Municipal solid waste, Work (physics), Business, Waste management, Sustainable development, China, Resource (disambiguation) Circular economy, Municipal solid waste, Work (physics), Business, Waste management, Sustainable development, China, Res",,,,,,,,,,,,,,,,,,source_ids=SRC-OPENALEX; urls=https://openalex.org/W4309695120; published=2022-11-22; retrieved=2026-08-12T23:58:24+00:00; confidence=0.92; version=acquisition-grounded-2.0.0; country=Indonesia; matched_alias=waste management; discovery_provider=connector,"provenance: source=SRC-OPENALEX; published_date=2022-11-22; retrieved_date=2026-08-12T23:58:24+00:00; confidence=0.92; version=acquisition-grounded-2.0.0; mission=MIS-20260812-BB1FF2; document=DOC-EBE5AD43307D; entity=Waste Management & Environmental Services; discovery_provider=connector; append_only=true; extraction=grounded_text; evidence=Strengthening waste recycling industry in Malang (Indonesia): Lessons from waste management in the era of Industry 4.0 Strengthening waste recycling industry in Malang (Indonesia): Lessons from waste management in the era of Industry 4.0 Circular economy, Municipal solid … waste recycling industry in Malang (Indonesia): Lessons from waste management in the era of Industry 4.0 Strengthening waste r",,,,
IND-000003,Education Services,Services,"Industry sector identified in trusted source document. Evidence: givet - 1. okt. 2020 Finansiering This research was supported by a Grant from SDU - Direktionens Strategiske Pulje for project titled “SDG- Tools”, Ministry of Research and Higher Education, Indonesia under International Research Collaboration World Class Professor Grant 2019, and supported by Universitas Muhammadiyah Magelang, Indonesia . Dokumenter og links 10.1016",,,,,,,,,,,,,,,,,,source_ids=SRC-OPENALEX; urls=https://openalex.org/W3026378761; published=2020-05-23; retrieved=2026-08-12T23:58:36+00:00; confidence=0.84; version=acquisition-grounded-2.0.0; country=Indonesia; matched_alias=education; discovery_provider=connector,"provenance: source=SRC-OPENALEX; published_date=2020-05-23; retrieved_date=2026-08-12T23:58:36+00:00; confidence=0.84; version=acquisition-grounded-2.0.0; mission=MIS-20260812-BB1FF2; document=DOC-7EA36A8AE842; entity=Education Services; discovery_provider=connector; append_only=true; extraction=grounded_text; evidence=givet - 1. okt. 2020 Finansiering This research was supported by a Grant from SDU - Direktionens Strategiske Pulje for project titled “SDG- Tools”, Ministry of Research and Higher Education, Indonesia under International Research Collaboration World Class Professor Grant 2019, and supported by Universitas Muhammadiyah Magelang, Indonesia . Dokumenter og links 10.1016",,,,
IND-000004,Maritime & Shipping,Services,"Industry sector identified in trusted source document. Evidence: h , Kannan Govindan * , Rochiyati Murniningsih , Agus Setiawan * Kontaktforfatter SDU Centre for Sustainable Supply Chain Engineering Institut for Teknologi og Innovation Shanghai Maritime University Publikation : Bidrag til tidsskrift › Tidsskriftartikel › Forskning › peer review 7375 Downloads (Pure) Oversigt Fingeraftryk Abstract Indonesia is facing a number of i",,,,,,,,,,,,,,,,,,source_ids=SRC-OPENALEX; urls=https://openalex.org/W3026378761; published=2020-05-23; retrieved=2026-08-12T23:58:36+00:00; confidence=0.84; version=acquisition-grounded-2.0.0; country=Indonesia; matched_alias=maritime; discovery_provider=connector,"provenance: source=SRC-OPENALEX; published_date=2020-05-23; retrieved_date=2026-08-12T23:58:36+00:00; confidence=0.84; version=acquisition-grounded-2.0.0; mission=MIS-20260812-BB1FF2; document=DOC-7EA36A8AE842; entity=Maritime & Shipping; discovery_provider=connector; append_only=true; extraction=grounded_text; evidence=h , Kannan Govindan * , Rochiyati Murniningsih , Agus Setiawan * Kontaktforfatter SDU Centre for Sustainable Supply Chain Engineering Institut for Teknologi og Innovation Shanghai Maritime University Publikation : Bidrag til tidsskrift › Tidsskriftartikel › Forskning › peer review 7375 Downloads (Pure) Oversigt Fingeraftryk Abstract Indonesia is facing a number of i",,,,
IND-000005,Mining & Quarrying,Services,"Industry sector identified in trusted source document. Evidence: gerprint Engine Alt indhold på dette websted: Copyright © 2026 Syddansk Universitet, dets licensgivere og bidragydere. Alle rettigheder forbeholdes, herunder dem til tekst- og datamining, AI-træning og lignende teknologier. For alt Open Access indhold gælder de relevante licensbetingelser. Vi bruger cookies til at hjælpe med at tilvejebringe og forbedre vores serv",,,,,,,,,,,,,,,,,,source_ids=SRC-OPENALEX; urls=https://openalex.org/W3026378761; published=2020-05-23; retrieved=2026-08-12T23:58:36+00:00; confidence=0.84; version=acquisition-grounded-2.0.0; country=Indonesia; matched_alias=mining; discovery_provider=connector,"provenance: source=SRC-OPENALEX; published_date=2020-05-23; retrieved_date=2026-08-12T23:58:36+00:00; confidence=0.84; version=acquisition-grounded-2.0.0; mission=MIS-20260812-BB1FF2; document=DOC-7EA36A8AE842; entity=Mining & Quarrying; discovery_provider=connector; append_only=true; extraction=grounded_text; evidence=gerprint Engine Alt indhold på dette websted: Copyright © 2026 Syddansk Universitet, dets licensgivere og bidragydere. Alle rettigheder forbeholdes, herunder dem til tekst- og datamining, AI-træning og lignende teknologier. For alt Open Access indhold gælder de relevante licensbetingelser. Vi bruger cookies til at hjælpe med at tilvejebringe og forbedre vores serv",,,,
IND-000006,Transportation & Logistics,Services,"Industry sector identified in trusted source document. Evidence: tartikel › Forskning › peer review 7375 Downloads (Pure) Oversigt Fingeraftryk Abstract Indonesia is facing a number of independently managed challenges related to the collection, transportation, processing (composting, recycling), and landfill dependence on waste management. An intervention is needed to bring stakeholders together to solve these waste challenges. The obj … ystem to achieve sustainable development goals: A case study of Indonesia"", abstract = ""Indonesia is facing a number of independently managed challenges related to the collection, transportation, processing (composting, recycling), and landfill dependence on waste management. An intervention is needed to bring stakeholders together to solve these waste challenges. The obj … nan AU - Murniningsih, Rochiyati AU - Setiawan, Agus PY - 2020/10/1 Y1 - 2020/10/1 N2 - Indonesia is facing a number of independently managed challenges related to the collection, transportation, processing (composting, recycling), and landfill dependence on waste management. An intervention is needed to bring stakeholders together to solve these waste challenges. The obj",,,,,,,,,,,,,,,,,,source_ids=SRC-OPENALEX; urls=https://openalex.org/W3026378761; published=2020-05-23; retrieved=2026-08-12T23:58:36+00:00; confidence=0.92; version=acquisition-grounded-2.0.0; country=Indonesia; matched_alias=transportation; discovery_provider=connector,"provenance: source=SRC-OPENALEX; published_date=2020-05-23; retrieved_date=2026-08-12T23:58:36+00:00; confidence=0.92; version=acquisition-grounded-2.0.0; mission=MIS-20260812-BB1FF2; document=DOC-7EA36A8AE842; entity=Transportation & Logistics; discovery_provider=connector; append_only=true; extraction=grounded_text; evidence=tartikel › Forskning › peer review 7375 Downloads (Pure) Oversigt Fingeraftryk Abstract Indonesia is facing a number of independently managed challenges related to the collection, transportation, processing (composting, recycling), and landfill dependence on waste management. An intervention is needed to bring stakeholders together to solve these waste challenges. The obj … ystem to achieve sustai",,,,
IND-000007,Water & Sanitation Utilities,Services,"Industry sector identified in trusted source document. Evidence: through the use of Internet of Thing (IoT) as the integrator. This study contributes to the sustainable development goals (SDG's) such as Good health, and wellbeing (SDG 3); Clean water and sanitation (SDG 6); Decent Work and Economic Growth (SDG 8); Responsible Consumption and Production (SDG 12) and Climate Action (SDG 13). The study proposes a new design of sm",,,,,,,,,,,,,,,,,,source_ids=SRC-OPENALEX; urls=https://openalex.org/W3026378761; published=2020-05-23; retrieved=2026-08-12T23:58:36+00:00; confidence=0.84; version=acquisition-grounded-2.0.0; country=Indonesia; matched_alias=water; discovery_provider=connector,"provenance: source=SRC-OPENALEX; published_date=2020-05-23; retrieved_date=2026-08-12T23:58:36+00:00; confidence=0.84; version=acquisition-grounded-2.0.0; mission=MIS-20260812-BB1FF2; document=DOC-7EA36A8AE842; entity=Water & Sanitation Utilities; discovery_provider=connector; append_only=true; extraction=grounded_text; evidence=through the use of Internet of Thing (IoT) as the integrator. This study contributes to the sustainable development goals (SDG's) such as Good health, and wellbeing (SDG 3); Clean water and sanitation (SDG 6); Decent Work and Economic Growth (SDG 8); Responsible Consumption and Production (SDG 12) and Climate Action (SDG 13). The study proposes a new design of sm",,,,
IND-000008,Textiles & Apparel,Services,"Industry sector identified in trusted source document. Evidence: A Conceptualization of Industry 4.0 Adoption on Textile and Clothing Sector in Indonesia A Conceptualization of Industry 4.0 Adoption on Textile and Clothing Sector in Indonesia As the global competition tightens, government and privat … A Conceptualization of Industry 4.0 Adoption on Textile and Clothing Sector in Indonesia A Conceptualization of Industry 4.0 Adoption on Textile and Clothing Sector in Indonesia As the global competition tightens, government and private sectors seek for solutions to increase the competitiveness of the textile and clothing … 0 Adoption on Textile and Clothing Sector in Indonesia As the global competition tightens, government and private sectors seek for solutions to increase the competitiveness of the textile and clothing industry. Industry 4.0 technology has been considered to bring significant potential by improving efficiency and reducing cost. Despite its potential, the implementat",,,,,,,,,,,,,,,,,,source_ids=SRC-OPENALEX; urls=https://openalex.org/W2989866429; published=2019-09-27; retrieved=2026-08-13T00:02:09+00:00; confidence=0.92; version=acquisition-grounded-2.0.0; country=Indonesia; matched_alias=textile; discovery_provider=connector,"provenance: source=SRC-OPENALEX; published_date=2019-09-27; retrieved_date=2026-08-13T00:02:09+00:00; confidence=0.92; version=acquisition-grounded-2.0.0; mission=MIS-20260812-BB1FF2; document=DOC-1D57F420AD4F; entity=Textiles & Apparel; discovery_provider=connector; append_only=true; extraction=grounded_text; evidence=A Conceptualization of Industry 4.0 Adoption on Textile and Clothing Sector in Indonesia A Conceptualization of Industry 4.0 Adoption on Textile and Clothing Sector in Indonesia As the global competition tightens, government and privat … A Conceptualization of Industry 4.0 Adoption on Textile and Clothing Sector in Indonesia A Conceptualization of Industry 4.0 Adoption on Textile and Clothing Sect",,,,
IND-000009,Creative Economy,Services,"Industry sector identified in trusted source document. Evidence: on analysis, is applied. The results show that, from macroscopic view, creative Concepts: Decomposition, National economy, Economic analysis, Creative industries, Economic sector, Creative economy, Structural change, National accounts",,,,,,,,,,,,,,,,,,source_ids=SRC-OPENALEX; urls=https://openalex.org/W2090289962; published=2012-12-01; retrieved=2026-08-13T00:02:50+00:00; confidence=0.84; version=acquisition-grounded-2.0.0; country=Indonesia; matched_alias=creative economy; discovery_provider=connector,"provenance: source=SRC-OPENALEX; published_date=2012-12-01; retrieved_date=2026-08-13T00:02:50+00:00; confidence=0.84; version=acquisition-grounded-2.0.0; mission=MIS-20260812-BB1FF2; document=DOC-0955E1D00852; entity=Creative Economy; discovery_provider=connector; append_only=true; extraction=grounded_text; evidence=on analysis, is applied. The results show that, from macroscopic view, creative Concepts: Decomposition, National economy, Economic analysis, Creative industries, Economic sector, Creative economy, Structural change, National accounts",,,,
IND-000010,Palm Oil & Plantations,Services,"Industry sector identified in trusted source document. Evidence: ncessions in Indonesia. Forest loss in all industrial concessions, including logging concession Concepts: Deforestation (computer science), Logging, Illegal logging, Agroforestry, Palm oil, Carbon stock, Environmental science, Forestry",,,,,,,,,,,,,,,,,,source_ids=SRC-OPENALEX; urls=https://openalex.org/W1520375636; published=2014-04-03; retrieved=2026-08-13T00:03:45+00:00; confidence=0.84; version=acquisition-grounded-2.0.0; country=Indonesia; matched_alias=palm oil; discovery_provider=connector,"provenance: source=SRC-OPENALEX; published_date=2014-04-03; retrieved_date=2026-08-13T00:03:45+00:00; confidence=0.84; version=acquisition-grounded-2.0.0; mission=MIS-20260812-BB1FF2; document=DOC-021A8A9B5C4E; entity=Palm Oil & Plantations; discovery_provider=connector; append_only=true; extraction=grounded_text; evidence=ncessions in Indonesia. Forest loss in all industrial concessions, including logging concession Concepts: Deforestation (computer science), Logging, Illegal logging, Agroforestry, Palm oil, Carbon stock, Environmental science, Forestry",,,,
IND-000011,Agriculture,Services,Industry sector identified in trusted source document. Evidence: https://www.bps.go.id/dynamictable/2018/05/17/1314/persentase-tenaga-kerja-informal-sektor-pertanian-2015---2018.html https://www.bps.go.id/dynamictable/2018/05/17/1314/persentase-tenaga-kerja-informal-sektor-pertanian-2015---2018.html Discovered via discovery layer; not a knowle … table/2018/05/17/1314/persentase-tenaga-kerja-informal-sektor-pertanian-2015---2018.html https://www.bps.go.id/dynamictable/2018/05/17/1314/persentase-tenaga-kerja-informal-sektor-pertanian-2015---2018.html Discovered via discovery layer; not a knowledge claim. Discovered via discovery layer; not a knowledge claim.,,,,,,,,,,,,,,,,,,source_ids=SRC-000001; urls=https://www.bps.go.id/dynamictable/2018/05/17/1314/persentase-tenaga-kerja-informal-sektor-pertanian-2015---2018.html; published=; retrieved=2026-08-13T00:03:43+00:00; confidence=0.81; version=acquisition-grounded-2.0.0; country=multi; matched_alias=pertanian; discovery_provider=DISC-COMMONCRAWL,provenance: source=SRC-000001; published_date=; retrieved_date=2026-08-13T00:03:43+00:00; confidence=0.81; version=acquisition-grounded-2.0.0; mission=MIS-20260812-BB1FF2; document=DOC-7A131D726BF1; entity=Agriculture; discovery_provider=DISC-COMMONCRAWL; append_only=true; extraction=grounded_text; evidence=https://www.bps.go.id/dynamictable/2018/05/17/1314/persentase-tenaga-kerja-informal-sektor-pertanian-2015---2018.html https://www.bps.go.id/dynamictable/2018/05/17/1314/persentase-tenaga-kerja-informal-sektor-pertanian-2015---2018.html Discovered via discovery layer; not a knowle … table/2018/05/17/1314/persentase-tenaga-kerja-informal-sektor-pertanian-2015---2018.html https://www.bps.go.id/dynami,,,,
IND-000012,Healthcare Services,Services,Industry sector identified in trusted source document. Evidence: https://www.bps.go.id/dynamictable/2018/06/05/1436/persentase-perempuan-pernah-kawin-berusia-15-49-tahun-yang-proses-kelahiran-terakhirnya-ditolong-oleh-tenaga-kesehatan-terlatih-menurut-provinsi-2015 https://www.bps.go.id/dynamictable/2018/06/05/1436/persentase-perempuan-pernah-kawin-berusia-15-49-tahun-yang-proses-kelahiran-terakhirnya-ditolong- … nurut-provinsi-2015 https://www.bps.go.id/dynamictable/2018/06/05/1436/persentase-perempuan-pernah-kawin-berusia-15-49-tahun-yang-proses-kelahiran-terakhirnya-ditolong-oleh-tenaga-kesehatan-terlatih-menurut-provinsi-2015 Discovered via discovery layer; not a knowledge claim. Discovered via discovery layer; not a knowledge claim.,,,,,,,,,,,,,,,,,,source_ids=SRC-000001; urls=https://www.bps.go.id/dynamictable/2018/06/05/1436/persentase-perempuan-pernah-kawin-berusia-15-49-tahun-yang-proses-kelahiran-terakhirnya-ditolong-oleh-tenaga-kesehatan-terlatih-menurut-provinsi-2015-2018.html; published=; retrieved=2026-08-13T00:03:43+00:00; confidence=0.81; version=acquisition-grounded-2.0.0; country=multi; matched_alias=kesehatan; discovery_provider=DISC-COMMONCRAWL,provenance: source=SRC-000001; published_date=; retrieved_date=2026-08-13T00:03:43+00:00; confidence=0.81; version=acquisition-grounded-2.0.0; mission=MIS-20260812-BB1FF2; document=DOC-8D8AB77BAAB8; entity=Healthcare Services; discovery_provider=DISC-COMMONCRAWL; append_only=true; extraction=grounded_text; evidence=https://www.bps.go.id/dynamictable/2018/06/05/1436/persentase-perempuan-pernah-kawin-berusia-15-49-tahun-yang-proses-kelahiran-terakhirnya-ditolong-oleh-tenaga-kesehatan-terlatih-menurut-provinsi-2015 https://www.bps.go.id/dynamictable/2018/06/05/1436/persentase-perempuan-pernah-kawin-berusia-15-49-tahun-yang-proses-kelahiran-terakhirnya-ditolong- … nurut-provinsi-2015 https://www.bps.go.id/dynami,,,,
IND-000013,Ports & Terminals,Services,Industry sector identified in trusted source document. Evidence: https://www.bps.go.id/en/pressrelease/2023/12/15/1972/exports-in-november-2023-reached-us-22-00-billion---imports-in-november-2023-reached-us-19-59-billion.html https://www.bps.go.id/en/pressrelease/2023/12/15/1972/exports-in-november-2023-r … https://www.bps.go.id/en/pressrelease/2023/12/15/1972/exports-in-november-2023-reached-us-22-00-billion---imports-in-november-2023-reached-us-19-59-billion.html https://www.bps.go.id/en/pressrelease/2023/12/15/1972/exports-in-november-2023-reached-us-22-00-billion---imports-in-november-2023-r … /2023/12/15/1972/exports-in-november-2023-reached-us-22-00-billion---imports-in-november-2023-reached-us-19-59-billion.html https://www.bps.go.id/en/pressrelease/2023/12/15/1972/exports-in-november-2023-reached-us-22-00-billion---imports-in-november-2023-reached-us-19-59-billion.html Discovered via discovery layer; not a knowledge claim. Discovered via discovery,,,,,,,,,,,,,,,,,,source_ids=SRC-000001; urls=https://www.bps.go.id/en/pressrelease/2023/12/15/1972/exports-in-november-2023-reached-us-22-00-billion---imports-in-november-2023-reached-us-19-59-billion.html; published=; retrieved=2026-08-13T00:03:44+00:00; confidence=0.81; version=acquisition-grounded-2.0.0; country=multi; matched_alias=ports; discovery_provider=DISC-COMMONCRAWL,provenance: source=SRC-000001; published_date=; retrieved_date=2026-08-13T00:03:44+00:00; confidence=0.81; version=acquisition-grounded-2.0.0; mission=MIS-20260812-BB1FF2; document=DOC-4797FB998A54; entity=Ports & Terminals; discovery_provider=DISC-COMMONCRAWL; append_only=true; extraction=grounded_text; evidence=https://www.bps.go.id/en/pressrelease/2023/12/15/1972/exports-in-november-2023-reached-us-22-00-billion---imports-in-november-2023-reached-us-19-59-billion.html https://www.bps.go.id/en/pressrelease/2023/12/15/1972/exports-in-november-2023-r … https://www.bps.go.id/en/pressrelease/2023/12/15/1972/exports-in-november-2023-reached-us-22-00-billion---imports-in-november-2023-reached-us-19-59-billion.,,,,
IND-000014,Media & Entertainment,Services,Industry sector identified in trusted source document. Evidence: https://www.bps.go.id/en/statistics-table/2/ODcxIzI=/percentage-of-population-aged-5-years-and-over-who-ever-accessing-internet-in-the-last-3-months-by-media-location-of-access.html https://www.bps.go.id/en/statistics-table/2/ODcxIzI=/percentage-of-population-aged-5-years-and-over-who-ever-accessing-internet-in-the-last-3-months-by-med … dia-location-of-access.html https://www.bps.go.id/en/statistics-table/2/ODcxIzI=/percentage-of-population-aged-5-years-and-over-who-ever-accessing-internet-in-the-last-3-months-by-media-location-of-access.html Discovered via discovery layer; not a knowledge claim. Discovered via discovery layer; not a knowledge claim.,,,,,,,,,,,,,,,,,,source_ids=SRC-000001; urls=https://www.bps.go.id/en/statistics-table/2/ODcxIzI=/percentage-of-population-aged-5-years-and-over-who-ever-accessing-internet-in-the-last-3-months-by-media-location-of-access.html; published=; retrieved=2026-08-13T00:03:44+00:00; confidence=0.81; version=acquisition-grounded-2.0.0; country=multi; matched_alias=media; discovery_provider=DISC-COMMONCRAWL,provenance: source=SRC-000001; published_date=; retrieved_date=2026-08-13T00:03:44+00:00; confidence=0.81; version=acquisition-grounded-2.0.0; mission=MIS-20260812-BB1FF2; document=DOC-8903E78503B7; entity=Media & Entertainment; discovery_provider=DISC-COMMONCRAWL; append_only=true; extraction=grounded_text; evidence=https://www.bps.go.id/en/statistics-table/2/ODcxIzI=/percentage-of-population-aged-5-years-and-over-who-ever-accessing-internet-in-the-last-3-months-by-media-location-of-access.html https://www.bps.go.id/en/statistics-table/2/ODcxIzI=/percentage-of-population-aged-5-years-and-over-who-ever-accessing-internet-in-the-last-3-months-by-med … dia-location-of-access.html https://www.bps.go.id/en/statist,,,,
IND-000015,Banking,Services,Industry sector identified in trusted source document. Evidence: World Bank document World Bank document World Bank document related to: Produce Industry Dataset — expand industry_library toward product target Indonesia World Bank document related to: Pro … World Bank document World Bank document World Bank document related to: Produce Industry Dataset — expand industry_library toward product target Indonesia World Bank document related to: Produce Industry Datase … World Bank document World Bank document World Bank document related to: Produce Industry Dataset — expand industry_library toward product target Indonesia World Bank document related to: Produce Industry Dataset — expand industry_,,,,,,,,,,,,,,,,,,source_ids=SRC-000004; urls=https://documents.worldbank.org/search?q=Produce+Industry+Dataset+—+expand+industry_library+toward+product+target+Indonesia; published=; retrieved=2026-08-13T01:07:42+00:00; confidence=0.92; version=acquisition-grounded-2.0.0; country=Indonesia; matched_alias=bank; discovery_provider=connector,provenance: source=SRC-000004; published_date=; retrieved_date=2026-08-13T01:07:42+00:00; confidence=0.92; version=acquisition-grounded-2.0.0; mission=MIS-20260813-E95C7C; document=DOC-9C3FE7A510A0; entity=Banking; discovery_provider=connector; append_only=true; extraction=grounded_text; evidence=World Bank document World Bank document World Bank document related to: Produce Industry Dataset — expand industry_library toward product target Indonesia World Bank document related to: Pro … World Bank document World Bank document World Bank document related to: Produce Industry Dataset — expand industry_library toward product target Indonesia World Bank document related to: Produce Industry Dat,,,,
IND-000016,MSMEs / UMKM,Trade / Services,"Industry sector identified in trusted source document. Evidence: Product Innovation Toward MSME’s Market Performance On Creative Industry Product Innovation Toward MSME’s Market Performance On Creative Industry - EUDL About | Contact Us | Register | Login Proceedings Series … Product Innovation Toward MSME’s Market Performance On Creative Industry Product Innovation Toward MSME’s Market Performance On Creative Industry - EUDL About | Contact Us | Register | Login Proceedings Series Journals Search EAI Proceedings of the 6th International Conference of Ec … e 6th International Conference of Economics, Business, and Entrepreneurship, ICEBE 2023, 13-14 September 2023, Bandar Lampung, Indonesia Research Article Product Innovation Toward MSME’s Market Performance On Creative Industry Download 1052 downloads Cite BibTeX Plain Text @INPROCEEDINGS{10.4108/eai.13-9-2023.2341395, author={Hammam Abdurrasyid and Aflit Praswat",,,,,,,,,,,,,,,,,,source_ids=SRC-CROSSREF; urls=https://api.crossref.org/works/10.4108/eai.13-9-2023.2341395; published=2023; retrieved=2026-08-13T01:07:08+00:00; confidence=0.92; version=acquisition-grounded-2.0.0; country=Indonesia; matched_alias=MSME; discovery_provider=connector,provenance: source=SRC-CROSSREF; published_date=2023; retrieved_date=2026-08-13T01:07:08+00:00; confidence=0.92; version=acquisition-grounded-2.0.0; mission=MIS-20260813-E95C7C; document=DOC-8DEAD915EF6F; entity=MSMEs / UMKM; discovery_provider=connector; append_only=true; extraction=grounded_text; evidence=Product Innovation Toward MSME’s Market Performance On Creative Industry Product Innovation Toward MSME’s Market Performance On Creative Industry - EUDL About | Contact Us | Register | Login Proceedings Series … Product Innovation Toward MSME’s Market Performance On Creative Industry Product Innovation Toward MSME’s Market Performance On Creative Industry - EUDL About | Contact Us | Register | Log,,,,
IND-000017,Cement & Building Materials,Services,"Industry sector identified in trusted source document. Evidence: Attitude toward Product Placement in General Scale {""status"":""ok"",""message-type"":""work"",""message-version"":""1.0.0"",""message"":{""institution"":[{""name"":""American Psychological Association"",""acronym"":[""APA""]}],""indexed … ted"":{""date-parts"":[[2014,11,10]],""date-time"":""2014-11-10T18:48:30Z"",""timestamp"":1415645310000},""source"":""Crossref"",""is-referenced-by-count"":0,""title"":[""Attitude toward Product Placement in General Scale""],""prefix"":""10.1037"",""author"":[{""given"":""Michelle R."",""family"":""Nelson"",""sequence"":""first"",""affiliation"":[],""role"":[{""role"":""author"",""vocabulary"":""crossref""}]},{""",,,,,,,,,,,,,,,,,,source_ids=SRC-CROSSREF; urls=https://api.crossref.org/works/10.1037/t34495-000; published=2014; retrieved=2026-08-13T01:08:00+00:00; confidence=0.92; version=acquisition-grounded-2.0.0; country=multi; matched_alias=cement; discovery_provider=connector,"provenance: source=SRC-CROSSREF; published_date=2014; retrieved_date=2026-08-13T01:08:00+00:00; confidence=0.92; version=acquisition-grounded-2.0.0; mission=MIS-20260813-E95C7C; document=DOC-E96B9B477A4B; entity=Cement & Building Materials; discovery_provider=connector; append_only=true; extraction=grounded_text; evidence=Attitude toward Product Placement in General Scale {""status"":""ok"",""message-type"":""work"",""message-version"":""1.0.0"",""message"":{""institution"":[{""name"":""American Psychological Association"",""acronym"":[""APA""]}],""indexed … ted"":{""date-parts"":[[2014,11,10]],""date-time"":""2014-11-10T18:48:30Z"",""timestamp"":1415645310000},""source"":""Crossref"",""is-referenced-by-count"":0,""title"":[""Attitude toward Product Placeme",,,,
IND-000018,Food & Beverage Processing,Services,"Industry sector identified in trusted source document. Evidence: Total Quality Management (TQM) Practices toward Product Quality Performance: Case at Food and Beverage Industry in Makassar, Indonesia {""status"":""ok"",""message-type"":""work"",""message-version"":""1.0.0"",""message"":{""indexed"":{""date-parts"":[[2026,3,6]],""date-time"":""2026-03-06T02:54:20Z"","" … estamp"":1366352102000},""page"":""55-61"",""source"":""Crossref"",""is-referenced-by-count"":2,""title"":[""Total Quality Management (TQM) Practices toward Product Quality Performance: Case at Food and Beverage Industry in Makassar, Indonesia""],""prefix"":""10.9790"",""volume"":""9"",""author"":[{""given"":""Musran Munizu"",""family"":""Musran Munizu"",""sequence"":""first"",""affiliation"":[],""role"":[{""role"":""",,,,,,,,,,,,,,,,,,source_ids=SRC-CROSSREF; urls=https://api.crossref.org/works/10.9790/487x-0925561; published=2013; retrieved=2026-08-13T01:08:07+00:00; confidence=0.92; version=acquisition-grounded-2.0.0; country=Indonesia; matched_alias=food and beverage; discovery_provider=connector,"provenance: source=SRC-CROSSREF; published_date=2013; retrieved_date=2026-08-13T01:08:07+00:00; confidence=0.92; version=acquisition-grounded-2.0.0; mission=MIS-20260813-E95C7C; document=DOC-42435589D8A0; entity=Food & Beverage Processing; discovery_provider=connector; append_only=true; extraction=grounded_text; evidence=Total Quality Management (TQM) Practices toward Product Quality Performance: Case at Food and Beverage Industry in Makassar, Indonesia {""status"":""ok"",""message-type"":""work"",""message-version"":""1.0.0"",""message"":{""indexed"":{""date-parts"":[[2026,3,6]],""date-time"":""2026-03-06T02:54:20Z"","" … estamp"":1366352102000},""page"":""55-61"",""source"":""Crossref"",""is-referenced-by-count"":2,""title"":[""Total Quality Manage",,,,
